"DateSubmitted","Reservation Type","no_of_tables","no_of_seats","Company_Name","First_Name","Last_Name","Email_Address","Office_Number","Alternative_Number","Company_Address","Postal_Code","First_Name copy","Last_Name copy","Email_Address copy","Office_Number copy","Alternative_Number copy"
"2014-06-18 02:13:21","Table (s)","2","0","ANZ Singapore","Eileen","Liow","wanqieileen.liow2@anz.com","66373877","nil","20 Pasir Panjang Road #11-21/22/23/24","117439","Catherine","Teo","Catherine.Teo@anz.com","66373320",""
"2014-06-17 08:37:13","Table (s)","1","10","Aspire Lifestyles","Maggie","Yeo","maggie.yeo@aspirelifestyles.com","63309556","90076141","8 Changi Business Park Ave 1, #09-51 UE Bizhub East (South Tower)","486018","Eddie","Yim","eddie.yim@aspirelifestyles.com","66432485","96806144"
"2014-06-10 10:51:16","Table (s)","1","10","Directasia insurance Singapore Pte Ltd","Murali","Krishnan","murali.krishnan@directasia.com","66033630","97334301","88 South Bridge Road","058716","Shawn","Lim","shawn@directasia.com","66033682",""
"2014-06-06 05:10:14","Table (s)","1","10","COPC Asia Pacific Inc.","Lay Pheng","Ng","lpheng@copc.com","+6563219103","+6596577988","Level 30, 6 Battery Road","049909","","","","",""
"2014-06-05 02:06:40","Table (s)","3","-","DBS BANK LTD","YU","WEILIN","YUWEILIN@DBS.COM","68787466","96540804","2 Changi Business Park Crescent #08-03 DBS Asia Hub Blk A ","Singapore 486029","PATRICIA","CHOW","PATRICIACHOW@DBS.COM","68786998","92322380"
"2014-06-04 08:46:41","Table (s)","2","20","Standard Chartered Bank","Elaine","Leong","elaine.leong@sc.com","65961310","98577816","7 Changi Business Park Crescent Level 2 ","486028","Jessie ","Chng","Jessie.Chng@sc.com","65961518","93670917"
